<?xml version="1.0" encoding="UTF-8"?>
<project-private xmlns="http://www.netbeans.org/ns/project-private/1">
    <editor-bookmarks xmlns="http://www.netbeans.org/ns/editor-bookmarks/2" lastBookmarkId="0"/>
    <open-files xmlns="http://www.netbeans.org/ns/projectui-open-files/2">
        <group>
            <file>file:/D:/FPT/Semester_2/PRO192(OOP_Java)/Lap/lap5/Q1/src/q1/Book.java</file>
            <file>file:/D:/FPT/Semester_2/PRO192(OOP_Java)/Lap/lap5/Q1/src/q1/Document.java</file>
            <file>file:/D:/FPT/Semester_2/PRO192(OOP_Java)/Lap/lap5/Q1/src/q1/Q1.java</file>
        </group>
    </open-files>
</project-private>
