<?xml version="1.0" encoding="UTF-8"?>
<project-private xmlns="http://www.netbeans.org/ns/project-private/1">
    <editor-bookmarks xmlns="http://www.netbeans.org/ns/editor-bookmarks/2" lastBookmarkId="0"/>
    <open-files xmlns="http://www.netbeans.org/ns/projectui-open-files/2">
        <group>
            <file>file:/D:/FPT/Semester_2/PRO192(OOP_Java)/Lap/lap2/CE181522_Program08/src/ce181522_program08/CE181522_Program08.java</file>
            <file>file:/D:/FPT/Semester_2/PRO192(OOP_Java)/Lap/lap2/CE181522_Program08/src/ce181522_program08/FullNameSplitter.java</file>
        </group>
    </open-files>
</project-private>
