<?xml version="1.0" encoding="UTF-8"?>
<project-private xmlns="http://www.netbeans.org/ns/project-private/1">
    <editor-bookmarks xmlns="http://www.netbeans.org/ns/editor-bookmarks/2" lastBookmarkId="0"/>
    <open-files xmlns="http://www.netbeans.org/ns/projectui-open-files/2">
        <group>
            <file>file:/G:/OSG/Q1/src/q1/Document.java</file>
            <file>file:/G:/OSG/Q1/src/q1/Q1.java</file>
            <file>file:/G:/OSG/Q1/src/q1/Book.java</file>
        </group>
    </open-files>
</project-private>
